<HorizontalScrollView xmlns:android="http://schemas.android.com/apk/res/android" xmlns:tools="http://schemas.android.com/tools"
	android:layout_width="match_parent" android:layout_height="wrap_content" >
	<!-- 
	/*
	 *	This content is generated from the API File Info.
	 *	(Alt+Shift+Ctrl+I).
	 *
	 *	@desc 		
	 *	@file 		lists_available
	 *	@date 		Monday 15th of April 2024 04:57:38 PM
	 *	@title 		Page 4
	 *	@author 	
	 *	@keywords 	
	 *	@generator 	Export Kit v1.3.figma
	 *
	 */
	-->
	<ScrollView android:id="@+id/lists_available" 
		android:layout_width="wrap_content" 
		android:layout_height="match_parent" >

		<RelativeLayout android:id="@+id/content_container" 
			android:layout_width="wrap_content" 
			android:layout_height="wrap_content" >



			<RelativeLayout android:id="@+id/page_lists_available_ek1"
				android:layout_marginTop="0dp"
				android:layout_marginStart="0dp"
				android:layout_width="wrap_content"
				android:layout_height="wrap_content"
				>

				<View   android:id="@+id/_bg__lists_available_ek2"
					android:background="@drawable/_bg__lists_available_ek2_shape"
					 android:layout_marginStart="0dp"
					android:layout_marginTop="0dp"
					android:layout_width="375dp"
					android:layout_height="812dp" />


				<RelativeLayout android:id="@+id/tab_bar"
					android:layout_marginTop="729dp"
					android:layout_marginStart="0dp"
					android:layout_width="wrap_content"
					android:layout_height="wrap_content"
					>

					<View   android:id="@+id/_bg__tab_bar_ek1"
						android:background="@drawable/_bg__tab_bar_ek1_shape"
						 android:layout_marginStart="0dp"
						android:layout_marginTop="0dp"
						android:layout_width="375dp"
						android:layout_height="83dp" />


					<RelativeLayout android:id="@+id/ui_bars___tab_bars___base___light___5_text_icons"
						android:layout_marginTop="0dp"
						android:layout_marginStart="0dp"
						android:layout_width="wrap_content"
						android:layout_height="wrap_content"
						>

						<View   android:id="@+id/_bg__ui_bars___tab_bars___base___light___5_text_icons_ek1"
							android:background="@drawable/_bg__ui_bars___tab_bars___base___light___5_text_icons_ek1_shape"
							 android:layout_marginStart="0dp"
							android:layout_marginTop="0dp"
							android:layout_width="375dp"
							android:layout_height="83dp" />

						<ImageView android:id="@+id/background"
							android:src="@drawable/background"
							android:contentDescription="background"
							 android:layout_marginStart="0dp"
							android:layout_marginTop="0dp"
							android:layout_width="375dp"
							android:layout_height="83.5dp" />


						<RelativeLayout android:id="@+id/__3"
							android:layout_marginTop="0dp"
							android:layout_marginStart="250dp"
							android:layout_width="wrap_content"
							android:layout_height="wrap_content"
							>

							<View   android:id="@+id/_bg____3_ek1"
								android:background="@drawable/_bg____3_ek1_shape"
								 android:layout_marginStart="-250dp"
								android:layout_marginTop="0dp"
								android:layout_width="125dp"
								android:layout_height="49dp" />

							<ImageView android:id="@+id/bounds"
								android:src="@drawable/bounds"
								android:contentDescription="bounds"
								 android:layout_marginStart="0dp"
								android:layout_marginTop="0dp"
								android:layout_width="125dp"
								android:layout_height="49dp" />

							<TextView android:id="@+id/settings"
								android:layout_gravity="center_horizontal|center"
								android:gravity="center"
								android:textColor="@color/settings_color"
								android:layout_marginLeft="41dp"
								android:layout_marginTop="35dp"
								android:layout_width="46dp"
								android:layout_height="16dp"
								android:text="@string/settings_string"
								 />


							<RelativeLayout android:id="@+id/settings_icon"
								android:layout_marginTop="6dp"
								android:layout_marginStart="49dp"
								android:layout_width="wrap_content"
								android:layout_height="wrap_content"
								>

								<View   android:id="@+id/_bg__settings_icon_ek1"
									android:background="@drawable/_bg__settings_icon_ek1_shape"
									 android:layout_marginStart="0dp"
									android:layout_marginTop="0dp"
									android:layout_width="28dp"
									android:layout_height="28dp" />

								<ImageView android:id="@+id/vector"
									android:src="@drawable/vector"
									android:contentDescription="vector"
									 android:layout_marginStart="2.63dp"
									android:layout_marginTop="2.75dp"
									android:layout_width="22.76dp"
									android:layout_height="22.49dp" />

							</RelativeLayout>

						</RelativeLayout>


						<RelativeLayout android:id="@+id/__2"
							android:layout_marginTop="0dp"
							android:layout_marginStart="125dp"
							android:layout_width="wrap_content"
							android:layout_height="wrap_content"
							>

							<View   android:id="@+id/_bg____2_ek1"
								android:background="@drawable/_bg____2_ek1_shape"
								 android:layout_marginStart="-125dp"
								android:layout_marginTop="0dp"
								android:layout_width="125dp"
								android:layout_height="49dp" />

							<ImageView android:id="@+id/bounds_ek1"
								android:src="@drawable/bounds_ek1"
								android:contentDescription="bounds_ek1"
								 android:layout_marginStart="0dp"
								android:layout_marginTop="0dp"
								android:layout_width="125dp"
								android:layout_height="49dp" />

							<TextView android:id="@+id/trash"
								android:layout_gravity="center_horizontal|center"
								android:gravity="center"
								android:textColor="@color/settings_color"
								android:layout_marginLeft="48dp"
								android:layout_marginTop="35dp"
								android:layout_width="33dp"
								android:layout_height="16dp"
								android:text="@string/trash_string"
								 />


							<RelativeLayout android:id="@+id/trash_icon"
								android:layout_marginTop="6dp"
								android:layout_marginStart="49dp"
								android:layout_width="wrap_content"
								android:layout_height="wrap_content"
								>

								<View   android:id="@+id/_bg__trash_icon_ek1"
									android:background="@drawable/_bg__trash_icon_ek1_shape"
									 android:layout_marginStart="0dp"
									android:layout_marginTop="0dp"
									android:layout_width="28dp"
									android:layout_height="28dp" />

								<ImageView android:id="@+id/vector_ek1"
									android:src="@drawable/vector_ek1"
									android:contentDescription="vector_ek1"
									 android:layout_marginStart="6.45dp"
									android:layout_marginTop="3.5dp"
									android:layout_width="15.09dp"
									android:layout_height="21dp" />

							</RelativeLayout>

						</RelativeLayout>


						<RelativeLayout android:id="@+id/__1"
							android:layout_marginTop="0dp"
							android:layout_marginStart="0dp"
							android:layout_width="wrap_content"
							android:layout_height="wrap_content"
							>

							<View   android:id="@+id/_bg____1_ek1"
								android:background="@drawable/_bg____1_ek1_shape"
								 android:layout_marginStart="0dp"
								android:layout_marginTop="0dp"
								android:layout_width="125dp"
								android:layout_height="49dp" />

							<ImageView android:id="@+id/bounds_ek2"
								android:src="@drawable/bounds_ek2"
								android:contentDescription="bounds_ek2"
								 android:layout_marginStart="0dp"
								android:layout_marginTop="0dp"
								android:layout_width="125dp"
								android:layout_height="49dp" />

							<TextView android:id="@+id/lists"
								android:layout_gravity="center_horizontal|center"
								android:gravity="center"
								android:textColor="@color/lists_color"
								android:layout_marginLeft="50dp"
								android:layout_marginTop="35dp"
								android:layout_width="29dp"
								android:layout_height="16dp"
								android:text="@string/lists_string"
								 />


							<RelativeLayout android:id="@+id/list"
								android:layout_marginTop="6dp"
								android:layout_marginStart="49dp"
								android:layout_width="wrap_content"
								android:layout_height="wrap_content"
								>

								<View   android:id="@+id/_bg__list_ek1"
									android:background="@drawable/_bg__list_ek1_shape"
									 android:layout_marginStart="0dp"
									android:layout_marginTop="0dp"
									android:layout_width="28dp"
									android:layout_height="28dp" />

								<ImageView android:id="@+id/vector_ek2"
									android:src="@drawable/vector_ek2"
									android:contentDescription="vector_ek2"
									 android:layout_marginStart="2.63dp"
									android:layout_marginTop="2.63dp"
									android:layout_width="22.76dp"
									android:layout_height="22.76dp" />

							</RelativeLayout>

						</RelativeLayout>

					</RelativeLayout>


					<RelativeLayout android:id="@+id/home_indicator"
						android:layout_marginTop="49dp"
						android:layout_marginStart="0dp"
						android:layout_width="wrap_content"
						android:layout_height="wrap_content"
						>

						<View   android:id="@+id/_bg__home_indicator_ek1"
							android:background="@drawable/_bg__home_indicator_ek1_shape"
							 android:layout_marginStart="0dp"
							android:layout_marginTop="0dp"
							android:layout_width="375dp"
							android:layout_height="34dp" />

						<View   android:id="@+id/line"
							android:background="@drawable/line_shape"
							 android:layout_marginStart="120dp"
							android:layout_marginTop="21dp"
							android:layout_width="135dp"
							android:layout_height="5dp" />

					</RelativeLayout>

				</RelativeLayout>


				<RelativeLayout android:id="@+id/list_2"
					android:layout_marginTop="228dp"
					android:layout_marginStart="16dp"
					android:layout_width="wrap_content"
					android:layout_height="wrap_content"
					>

					<View   android:id="@+id/_bg__list_2_ek1"
						android:background="@drawable/_bg__list_2_ek1_shape"
						 android:layout_marginStart="0dp"
						android:layout_marginTop="0dp"
						android:layout_width="343dp"
						android:layout_height="68dp" />

					<ImageView android:id="@+id/background_ek1"
						android:src="@drawable/background_ek1"
						android:contentDescription="background_ek1"
						 android:layout_marginStart="0dp"
						android:layout_marginTop="0dp"
						android:layout_width="343dp"
						android:layout_height="68dp" />


					<RelativeLayout android:id="@+id/users"
						android:layout_marginTop="19dp"
						android:layout_marginStart="279dp"
						android:layout_width="wrap_content"
						android:layout_height="wrap_content"
						>

						<View   android:id="@+id/_bg__users_ek1"
							android:background="@drawable/_bg__users_ek1_shape"
							 android:layout_marginStart="-279dp"
							android:layout_marginTop="-19dp"
							android:layout_width="48dp"
							android:layout_height="30dp" />

						<ImageView android:id="@+id/bitmap_1"
							android:src="@drawable/bitmap_1"
							android:contentDescription="bitmap_1"
							 android:layout_marginStart="0dp"
							android:layout_marginTop="1dp"
							android:layout_width="28dp"
							android:layout_height="28dp" />


						<RelativeLayout android:id="@+id/bitmap_2"
							android:layout_marginTop="0dp"
							android:layout_marginStart="18dp"
							android:layout_width="wrap_content"
							android:layout_height="wrap_content"
							>

							<View   android:id="@+id/_bg__bitmap_2_ek1"
								android:background="@drawable/_bg__bitmap_2_ek1_shape"
								 android:layout_marginStart="-297dp"
								android:layout_marginTop="-19dp"
								android:layout_width="30dp"
								android:layout_height="30dp" />

							<View   android:id="@+id/bitmap"
								android:background="@drawable/bitmap_shape"
								 android:layout_marginStart="0dp"
								android:layout_marginTop="0dp"
								android:layout_width="30dp"
								android:layout_height="30dp" />

							<ImageView android:id="@+id/bitmap_ek1"
								android:src="@drawable/bitmap_ek1"
								android:contentDescription="bitmap_ek1"
								 android:layout_marginStart="1dp"
								android:layout_marginTop="1dp"
								android:layout_width="28dp"
								android:layout_height="28dp" />

						</RelativeLayout>

					</RelativeLayout>

					<TextView android:id="@+id/to_buy_later"
						android:textStyle="bold"
						android:textSize="17sp"
						android:textColor="@color/_bg__tab_bar_ek1_color"
						android:layout_marginLeft="68dp"
						android:layout_marginTop="23dp"
						android:layout_width="109.7dp"
						android:layout_height="26.7dp"
						android:text="@string/to_buy_later_string"
						 />

					<View   android:id="@+id/bitmap_ek2"
						android:background="@drawable/bitmap_ek2_shape"
						 android:layout_marginStart="16dp"
						android:layout_marginTop="14dp"
						android:layout_width="40dp"
						android:layout_height="40dp" />


					<RelativeLayout android:id="@+id/basket"
						android:layout_marginTop="22dp"
						android:layout_marginStart="24dp"
						android:layout_width="wrap_content"
						android:layout_height="wrap_content"
						>

						<View   android:id="@+id/_bg__basket_ek1"
							android:background="@drawable/_bg__basket_ek1_shape"
							 android:layout_marginStart="0dp"
							android:layout_marginTop="0dp"
							android:layout_width="24dp"
							android:layout_height="24dp" />

						<ImageView android:id="@+id/vector_ek3"
							android:src="@drawable/vector_ek3"
							android:contentDescription="vector_ek3"
							 android:layout_marginStart="2.7dp"
							android:layout_marginTop="9dp"
							android:layout_width="18.61dp"
							android:layout_height="12dp" />

						<ImageView android:id="@+id/vector_ek4"
							android:src="@drawable/vector_ek4"
							android:contentDescription="vector_ek4"
							 android:layout_marginStart="1.5dp"
							android:layout_marginTop="3dp"
							android:layout_width="21dp"
							android:layout_height="10.1dp" />

					</RelativeLayout>

				</RelativeLayout>


				<RelativeLayout android:id="@+id/list_1"
					android:layout_marginTop="148dp"
					android:layout_marginStart="16dp"
					android:layout_width="wrap_content"
					android:layout_height="wrap_content"
					>

					<View   android:id="@+id/_bg__list_1_ek1"
						android:background="@drawable/_bg__list_1_ek1_shape"
						 android:layout_marginStart="0dp"
						android:layout_marginTop="0dp"
						android:layout_width="343dp"
						android:layout_height="68dp" />

					<ImageView android:id="@+id/background_ek2"
						android:src="@drawable/background_ek2"
						android:contentDescription="background_ek2"
						 android:layout_marginStart="0dp"
						android:layout_marginTop="0dp"
						android:layout_width="343dp"
						android:layout_height="68dp" />

					<TextView android:id="@+id/all_i_need"
						android:textStyle="bold"
						android:textSize="17sp"
						android:textColor="@color/_bg__tab_bar_ek1_color"
						android:layout_marginLeft="68dp"
						android:layout_marginTop="23dp"
						android:layout_width="89.7dp"
						android:layout_height="26.7dp"
						android:text="@string/all_i_need_string"
						 />

					<View   android:id="@+id/bitmap_ek3"
						android:background="@drawable/bitmap_ek3_shape"
						 android:layout_marginStart="16dp"
						android:layout_marginTop="14dp"
						android:layout_width="40dp"
						android:layout_height="40dp" />


					<RelativeLayout android:id="@+id/document"
						android:layout_marginTop="22dp"
						android:layout_marginStart="24dp"
						android:layout_width="wrap_content"
						android:layout_height="wrap_content"
						>

						<View   android:id="@+id/_bg__document_ek1"
							android:background="@drawable/_bg__document_ek1_shape"
							 android:layout_marginStart="0dp"
							android:layout_marginTop="0dp"
							android:layout_width="24dp"
							android:layout_height="24dp" />

						<ImageView android:id="@+id/vector_ek5"
							android:src="@drawable/vector_ek5"
							android:contentDescription="vector_ek5"
							 android:layout_marginStart="13.73dp"
							android:layout_marginTop="2.63dp"
							android:layout_width="5.39dp"
							android:layout_height="4.64dp" />

						<ImageView android:id="@+id/vector_ek6"
							android:src="@drawable/vector_ek6"
							android:contentDescription="vector_ek6"
							 android:layout_marginStart="4.88dp"
							android:layout_marginTop="2.63dp"
							android:layout_width="14.25dp"
							android:layout_height="18.75dp" />

					</RelativeLayout>

				</RelativeLayout>


				<RelativeLayout android:id="@+id/navigation_bar"
					android:layout_marginTop="0dp"
					android:layout_marginStart="0dp"
					android:layout_width="wrap_content"
					android:layout_height="wrap_content"
					>

					<View   android:id="@+id/_bg__navigation_bar_ek1"
						android:background="@drawable/_bg__navigation_bar_ek1_shape"
						 android:layout_marginStart="0dp"
						android:layout_marginTop="0dp"
						android:layout_width="375dp"
						android:layout_height="140dp" />

					<View   android:id="@+id/bounds_ek3"
						android:background="@drawable/bounds_ek3_shape"
						 android:layout_marginStart="0dp"
						android:layout_marginTop="0dp"
						android:layout_width="375dp"
						android:layout_height="140dp" />


					<RelativeLayout android:id="@+id/add_list"
						android:layout_marginTop="88dp"
						android:layout_marginStart="180dp"
						android:layout_width="wrap_content"
						android:layout_height="wrap_content"
						>

						<View   android:id="@+id/_bg__add_list_ek1"
							android:background="@drawable/_bg__add_list_ek1_shape"
							 android:layout_marginStart="0dp"
							android:layout_marginTop="0dp"
							android:layout_width="195dp"
							android:layout_height="44dp" />

						<ImageView android:id="@+id/bounds_ek4"
							android:src="@drawable/bounds_ek4"
							android:contentDescription="bounds_ek4"
							 android:layout_marginStart="0dp"
							android:layout_marginTop="0dp"
							android:layout_width="195dp"
							android:layout_height="44dp" />

						<TextView android:id="@+id/add_list_ek2"
							android:textStyle="bold"
							android:layout_gravity="center_vertical|end"
							android:gravity="end"
							android:textSize="17sp"
							android:textColor="@color/lists_color"
							android:layout_marginLeft="115dp"
							android:layout_marginTop="11dp"
							android:layout_width="68dp"
							android:layout_height="26.7dp"
							android:text="@string/add_list_ek2_string"
							 />

					</RelativeLayout>

					<TextView android:id="@+id/large_title"
						android:textStyle="bold"
						android:textSize="34sp"
						android:textColor="@color/_bg__tab_bar_ek1_color"
						android:layout_marginLeft="16dp"
						android:layout_marginTop="88dp"
						android:layout_width="101.4dp"
						android:layout_height="51.4dp"
						android:text="@string/large_title_string"
						 />


					<RelativeLayout android:id="@+id/status_bar"
						android:layout_marginTop="0dp"
						android:layout_marginStart="0dp"
						android:layout_width="wrap_content"
						android:layout_height="wrap_content"
						>

						<View   android:id="@+id/_bg__status_bar_ek1"
							android:background="@drawable/_bg__status_bar_ek1_shape"
							 android:layout_marginStart="0dp"
							android:layout_marginTop="0dp"
							android:layout_width="375dp"
							android:layout_height="44dp" />


						<RelativeLayout android:id="@+id/battery"
							android:layout_marginTop="17.33dp"
							android:layout_marginStart="336dp"
							android:layout_width="wrap_content"
							android:layout_height="wrap_content"
							>

							<View   android:id="@+id/_bg__battery_ek1"
								android:background="@drawable/_bg__battery_ek1_shape"
								 android:layout_marginStart="-336dp"
								android:layout_marginTop="-17dp"
								android:layout_width="24.33dp"
								android:layout_height="11.33dp" />

							<ImageView android:id="@+id/rectangle"
								android:src="@drawable/rectangle"
								android:contentDescription="rectangle"
								 android:alpha="0.34999999403954"
								android:layout_marginStart="-1dp"
								android:layout_marginTop="-1dp"
								android:layout_width="22dp"
								android:layout_height="11.33dp" />

							<ImageView android:id="@+id/combined_shape"
								android:src="@drawable/combined_shape"
								android:contentDescription="combined_shape"
								 android:alpha="0.40000000596046"
								android:layout_marginStart="23dp"
								android:layout_marginTop="4dp"
								android:layout_width="1.33dp"
								android:layout_height="4dp" />

							<ImageView android:id="@+id/rectangle_ek1"
								android:src="@drawable/rectangle_ek1"
								android:contentDescription="rectangle_ek1"
								 android:layout_marginStart="2dp"
								android:layout_marginTop="2dp"
								android:layout_width="18dp"
								android:layout_height="7.33dp" />

						</RelativeLayout>

						<ImageView android:id="@+id/wifi"
							android:src="@drawable/wifi"
							android:contentDescription="wifi"
							 android:layout_marginStart="315.69dp"
							android:layout_marginTop="17.33dp"
							android:layout_width="15.27dp"
							android:layout_height="10.97dp" />

						<ImageView android:id="@+id/mobile_signal"
							android:src="@drawable/mobile_signal"
							android:contentDescription="mobile_signal"
							 android:layout_marginStart="293.67dp"
							android:layout_marginTop="17.67dp"
							android:layout_width="17dp"
							android:layout_height="10.67dp" />


						<RelativeLayout android:id="@+id/time_style"
							android:layout_marginTop="12dp"
							android:layout_marginStart="21dp"
							android:layout_width="wrap_content"
							android:layout_height="wrap_content"
							>

							<View   android:id="@+id/_bg__time_style_ek1"
								android:background="@drawable/_bg__time_style_ek1_shape"
								 android:layout_marginStart="0dp"
								android:layout_marginTop="0dp"
								android:layout_width="54dp"
								android:layout_height="21dp" />

							<TextView android:id="@+id/_9_41"
								android:textStyle="bold"
								android:layout_gravity="center_horizontal|center"
								android:gravity="center"
								android:textSize="15sp"
								android:textColor="@color/_bg__tab_bar_ek1_color"
								android:layout_marginLeft="-3dp"
								android:layout_marginTop="2dp"
								android:layout_width="61dp"
								android:layout_height="22.5dp"
								android:text="@string/_9_41_string"
								 />

						</RelativeLayout>

					</RelativeLayout>


					<RelativeLayout android:id="@+id/frame_1"
						android:layout_marginTop="27dp"
						android:layout_marginStart="145dp"
						android:layout_width="wrap_content"
						android:layout_height="wrap_content"
						>

						<View   android:id="@+id/_bg__frame_1_ek1"
							android:background="@drawable/_bg__frame_1_ek1_shape"
							 android:layout_marginStart="0dp"
							android:layout_marginTop="0dp"
							android:layout_width="100dp"
							android:layout_height="100dp" />

					</RelativeLayout>

				</RelativeLayout>

			</RelativeLayout>
		</RelativeLayout>

	</ScrollView>
</HorizontalScrollView>