<HorizontalScrollView xmlns:android="http://schemas.android.com/apk/res/android" xmlns:tools="http://schemas.android.com/tools"
	android:layout_width="match_parent" android:layout_height="wrap_content" >
	<!-- 
	/*
	 *	This content is generated from the API File Info.
	 *	(Alt+Shift+Ctrl+I).
	 *
	 *	@desc 		
	 *	@file 		sign_up
	 *	@date 		Monday 15th of April 2024 03:28:12 PM
	 *	@title 		Page 4
	 *	@author 	
	 *	@keywords 	
	 *	@generator 	Export Kit v1.3.figma
	 *
	 */
	-->
	<ScrollView android:id="@+id/sign_up" 
		android:layout_width="wrap_content" 
		android:layout_height="match_parent" >

		<RelativeLayout android:id="@+id/content_container" 
			android:layout_width="wrap_content" 
			android:layout_height="wrap_content" >



			<RelativeLayout android:id="@+id/page_sign_up_ek1"
				android:layout_marginTop="0dp"
				android:layout_marginStart="0dp"
				android:layout_width="wrap_content"
				android:layout_height="wrap_content"
				>

				<View   android:id="@+id/_bg__sign_up_ek2"
					android:background="@drawable/_bg__sign_up_ek2_shape"
					 android:layout_marginStart="0dp"
					android:layout_marginTop="0dp"
					android:layout_width="375dp"
					android:layout_height="812dp" />

				<ImageView android:id="@+id/bitmap"
					android:src="@drawable/bitmap"
					android:contentDescription="bitmap"
					 android:layout_marginStart="0dp"
					android:layout_marginTop="0dp"
					android:layout_width="375dp"
					android:layout_height="812dp" />

				<ImageView android:id="@+id/overlay"
					android:src="@drawable/overlay"
					android:contentDescription="overlay"
					 android:alpha="0.89999997615814"
					android:layout_marginStart="0dp"
					android:layout_marginTop="0dp"
					android:layout_width="375dp"
					android:layout_height="812dp" />


				<RelativeLayout android:id="@+id/home_indicator"
					android:layout_marginTop="778dp"
					android:layout_marginStart="0dp"
					android:layout_width="wrap_content"
					android:layout_height="wrap_content"
					>

					<View   android:id="@+id/_bg__home_indicator_ek1"
						android:background="@drawable/_bg__home_indicator_ek1_shape"
						 android:layout_marginStart="0dp"
						android:layout_marginTop="0dp"
						android:layout_width="375dp"
						android:layout_height="34dp" />

					<View   android:id="@+id/line"
						android:background="@drawable/line_shape"
						 android:layout_marginStart="120dp"
						android:layout_marginTop="21dp"
						android:layout_width="135dp"
						android:layout_height="5dp" />

				</RelativeLayout>


				<RelativeLayout android:id="@+id/google___facebook"
					android:layout_marginTop="712dp"
					android:layout_marginStart="0dp"
					android:layout_width="wrap_content"
					android:layout_height="wrap_content"
					>

					<View   android:id="@+id/_bg__google___facebook_ek1"
						android:background="@drawable/_bg__google___facebook_ek1_shape"
						 android:layout_marginStart="0dp"
						android:layout_marginTop="0dp"
						android:layout_width="375dp"
						android:layout_height="66dp" />

					<ImageView android:id="@+id/bounds"
						android:src="@drawable/bounds"
						android:contentDescription="bounds"
						 android:layout_marginStart="0dp"
						android:layout_marginTop="0dp"
						android:layout_width="375dp"
						android:layout_height="66dp" />

					<View   android:id="@+id/background"
						android:background="@drawable/background_shape"
						 android:layout_marginStart="16dp"
						android:layout_marginTop="8dp"
						android:layout_width="343dp"
						android:layout_height="50dp" />


					<RelativeLayout android:id="@+id/control_2"
						android:layout_marginTop="9dp"
						android:layout_marginStart="203dp"
						android:layout_width="wrap_content"
						android:layout_height="wrap_content"
						>

						<View   android:id="@+id/_bg__control_2_ek1"
							android:background="@drawable/_bg__control_2_ek1_shape"
							 android:layout_marginStart="0dp"
							android:layout_marginTop="0dp"
							android:layout_width="142dp"
							android:layout_height="48dp" />

						<TextView android:id="@+id/facebook"
							android:textStyle="bold"
							android:textSize="17sp"
							android:textColor="@color/_bg__sign_up_ek2_color"
							android:layout_marginLeft="46dp"
							android:layout_marginTop="13dp"
							android:layout_width="93.7dp"
							android:layout_height="26.7dp"
							android:text="@string/facebook_string"
							 />


						<RelativeLayout android:id="@+id/facebook_ek1"
							android:layout_marginTop="12dp"
							android:layout_marginStart="18dp"
							android:layout_width="wrap_content"
							android:layout_height="wrap_content"
							>

							<View   android:id="@+id/_bg__facebook_ek2"
								android:background="@drawable/_bg__facebook_ek2_shape"
								 android:layout_marginStart="0dp"
								android:layout_marginTop="0dp"
								android:layout_width="24dp"
								android:layout_height="24dp" />

							<ImageView android:id="@+id/vector"
								android:src="@drawable/vector"
								android:contentDescription="vector"
								 android:layout_marginStart="3dp"
								android:layout_marginTop="3dp"
								android:layout_width="18dp"
								android:layout_height="18dp" />

						</RelativeLayout>

					</RelativeLayout>

					<View   android:id="@+id/rectangle"
						android:background="@drawable/rectangle_shape"
						 android:alpha="0.1426"
						 android:layout_marginStart="187dp"
						android:layout_marginTop="9dp"
						android:layout_width="1dp"
						android:layout_height="48dp" />


					<RelativeLayout android:id="@+id/control_1"
						android:layout_marginTop="9dp"
						android:layout_marginStart="40dp"
						android:layout_width="wrap_content"
						android:layout_height="wrap_content"
						>

						<View   android:id="@+id/_bg__control_1_ek1"
							android:background="@drawable/_bg__control_1_ek1_shape"
							 android:layout_marginStart="0dp"
							android:layout_marginTop="0dp"
							android:layout_width="124dp"
							android:layout_height="48dp" />

						<TextView android:id="@+id/google"
							android:textStyle="bold"
							android:textSize="17sp"
							android:textColor="@color/_bg__sign_up_ek2_color"
							android:layout_marginLeft="47dp"
							android:layout_marginTop="13dp"
							android:layout_width="73.7dp"
							android:layout_height="26.7dp"
							android:text="@string/google_string"
							 />


						<RelativeLayout android:id="@+id/google_ek1"
							android:layout_marginTop="12dp"
							android:layout_marginStart="19dp"
							android:layout_width="wrap_content"
							android:layout_height="wrap_content"
							>

							<View   android:id="@+id/_bg__google_ek2"
								android:background="@drawable/_bg__google_ek2_shape"
								 android:layout_marginStart="0dp"
								android:layout_marginTop="0dp"
								android:layout_width="24dp"
								android:layout_height="24dp" />

							<ImageView android:id="@+id/vector_ek1"
								android:src="@drawable/vector_ek1"
								android:contentDescription="vector_ek1"
								 android:layout_marginStart="2.44dp"
								android:layout_marginTop="2.25dp"
								android:layout_width="19.13dp"
								android:layout_height="19.5dp" />

						</RelativeLayout>

					</RelativeLayout>

				</RelativeLayout>


				<RelativeLayout android:id="@+id/or_connect_with"
					android:layout_marginTop="668dp"
					android:layout_marginStart="0dp"
					android:layout_width="wrap_content"
					android:layout_height="wrap_content"
					>

					<View   android:id="@+id/_bg__or_connect_with_ek1"
						android:background="@drawable/_bg__or_connect_with_ek1_shape"
						 android:layout_marginStart="0dp"
						android:layout_marginTop="0dp"
						android:layout_width="375dp"
						android:layout_height="44dp" />

					<ImageView android:id="@+id/bounds_ek1"
						android:src="@drawable/bounds_ek1"
						android:contentDescription="bounds_ek1"
						 android:layout_marginStart="0dp"
						android:layout_marginTop="0dp"
						android:layout_width="375dp"
						android:layout_height="44dp" />

					<TextView android:id="@+id/or_connect_with_ek2"
						android:layout_gravity="center_horizontal|center"
						android:gravity="center"
						android:textSize="15sp"
						android:textColor="@color/_bg__sign_up_ek2_color"
						android:layout_marginLeft="131dp"
						android:layout_marginTop="12dp"
						android:layout_width="114dp"
						android:layout_height="24.5dp"
						android:text="@string/or_connect_with_ek2_string"
						 />

				</RelativeLayout>


				<RelativeLayout android:id="@+id/sign_in"
					android:layout_marginTop="555dp"
					android:layout_marginStart="0dp"
					android:layout_width="wrap_content"
					android:layout_height="wrap_content"
					>

					<View   android:id="@+id/_bg__sign_in_ek1"
						android:background="@drawable/_bg__sign_in_ek1_shape"
						 android:layout_marginStart="0dp"
						android:layout_marginTop="0dp"
						android:layout_width="375dp"
						android:layout_height="50dp" />

					<ImageView android:id="@+id/bounds_ek2"
						android:src="@drawable/bounds_ek2"
						android:contentDescription="bounds_ek2"
						 android:layout_marginStart="0dp"
						android:layout_marginTop="0dp"
						android:layout_width="375dp"
						android:layout_height="50dp" />

					<TextView android:id="@+id/sign_in_ek2"
						android:textStyle="bold"
						android:textSize="17sp"
						android:textColor="@color/_bg__sign_up_ek2_color"
						android:layout_marginLeft="237dp"
						android:layout_marginTop="14dp"
						android:layout_width="70.7dp"
						android:layout_height="26.7dp"
						android:text="@string/sign_in_ek2_string"
						 />

					<TextView android:id="@+id/already_a_member_"
						android:alpha="0.6"
						 android:textSize="17sp"
						android:textColor="@color/_bg__sign_up_ek2_color"
						android:layout_marginLeft="84dp"
						android:layout_marginTop="14dp"
						android:layout_width="164.7dp"
						android:layout_height="26.7dp"
						android:text="@string/already_a_member__string"
						 />

				</RelativeLayout>


				<RelativeLayout android:id="@+id/button"
					android:layout_marginTop="489dp"
					android:layout_marginStart="0dp"
					android:layout_width="wrap_content"
					android:layout_height="wrap_content"
					>

					<View   android:id="@+id/_bg__button_ek1"
						android:background="@drawable/_bg__button_ek1_shape"
						 android:layout_marginStart="0dp"
						android:layout_marginTop="0dp"
						android:layout_width="375dp"
						android:layout_height="66dp" />

					<View   android:id="@+id/bounds_ek3"
						android:background="@drawable/bounds_ek3_shape"
						 android:layout_marginStart="0dp"
						android:layout_marginTop="0dp"
						android:layout_width="375dp"
						android:layout_height="66dp" />


					<RelativeLayout android:id="@+id/button_ek2"
						android:layout_marginTop="8dp"
						android:layout_marginStart="16dp"
						android:layout_width="wrap_content"
						android:layout_height="wrap_content"
						>

						<View   android:id="@+id/_bg__button_ek3"
							android:background="@drawable/_bg__button_ek3_shape"
							 android:layout_marginStart="-16dp"
							android:layout_marginTop="-8dp"
							android:layout_width="343dp"
							android:layout_height="50dp" />

						<View   android:id="@+id/rectangle_"
							android:background="@drawable/rectangle__shape"
							 android:layout_marginStart="0dp"
							android:layout_marginTop="0dp"
							android:layout_width="343dp"
							android:layout_height="50dp" />

						<TextView android:id="@+id/create_an_account"
							android:textStyle="bold"
							android:layout_gravity="center_horizontal|center"
							android:gravity="center"
							android:textSize="17sp"
							android:textColor="@color/_bg__home_indicator_ek1_color"
							android:layout_marginLeft="96dp"
							android:layout_marginTop="14dp"
							android:layout_width="153dp"
							android:layout_height="26.7dp"
							android:text="@string/create_an_account_string"
							 />

					</RelativeLayout>

				</RelativeLayout>


				<RelativeLayout android:id="@+id/container"
					android:layout_marginTop="311dp"
					android:layout_marginStart="0dp"
					android:layout_width="wrap_content"
					android:layout_height="wrap_content"
					>

					<View   android:id="@+id/_bg__container_ek1"
						android:background="@drawable/_bg__container_ek1_shape"
						 android:layout_marginStart="0dp"
						android:layout_marginTop="0dp"
						android:layout_width="375dp"
						android:layout_height="178dp" />

					<View   android:id="@+id/bounds_ek4"
						android:background="@drawable/bounds_ek4_shape"
						 android:layout_marginStart="0dp"
						android:layout_marginTop="0dp"
						android:layout_width="375dp"
						android:layout_height="178dp" />


					<RelativeLayout android:id="@+id/field_3"
						android:layout_marginTop="120dp"
						android:layout_marginStart="16dp"
						android:layout_width="wrap_content"
						android:layout_height="wrap_content"
						>

						<View   android:id="@+id/_bg__field_3_ek1"
							android:background="@drawable/_bg__field_3_ek1_shape"
							 android:layout_marginStart="-16dp"
							android:layout_marginTop="-120dp"
							android:layout_width="343dp"
							android:layout_height="46dp" />

						<View   android:id="@+id/background_ek1"
							android:background="@drawable/background_ek1_shape"
							 android:layout_marginStart="0dp"
							android:layout_marginTop="0dp"
							android:layout_width="343dp"
							android:layout_height="46dp" />

						<TextView android:id="@+id/password"
							android:textSize="17sp"
							android:textColor="@color/_bg__sign_up_ek2_color"
							android:layout_marginLeft="12dp"
							android:layout_marginTop="12dp"
							android:layout_width="89.7dp"
							android:layout_height="26.7dp"
							android:text="@string/password_string"
							 />

					</RelativeLayout>


					<RelativeLayout android:id="@+id/field_2"
						android:layout_marginTop="66dp"
						android:layout_marginStart="16dp"
						android:layout_width="wrap_content"
						android:layout_height="wrap_content"
						>

						<View   android:id="@+id/_bg__field_2_ek1"
							android:background="@drawable/_bg__field_2_ek1_shape"
							 android:layout_marginStart="-16dp"
							android:layout_marginTop="-66dp"
							android:layout_width="343dp"
							android:layout_height="46dp" />

						<View   android:id="@+id/background_ek2"
							android:background="@drawable/background_ek2_shape"
							 android:layout_marginStart="0dp"
							android:layout_marginTop="0dp"
							android:layout_width="343dp"
							android:layout_height="46dp" />

						<TextView android:id="@+id/email"
							android:textSize="17sp"
							android:textColor="@color/_bg__sign_up_ek2_color"
							android:layout_marginLeft="12dp"
							android:layout_marginTop="12dp"
							android:layout_width="57.7dp"
							android:layout_height="26.7dp"
							android:text="@string/email_string"
							 />

					</RelativeLayout>


					<RelativeLayout android:id="@+id/field_1"
						android:layout_marginTop="12dp"
						android:layout_marginStart="16dp"
						android:layout_width="wrap_content"
						android:layout_height="wrap_content"
						>

						<View   android:id="@+id/_bg__field_1_ek1"
							android:background="@drawable/_bg__field_1_ek1_shape"
							 android:layout_marginStart="-16dp"
							android:layout_marginTop="-12dp"
							android:layout_width="343dp"
							android:layout_height="46dp" />

						<View   android:id="@+id/background_ek3"
							android:background="@drawable/background_ek3_shape"
							 android:layout_marginStart="0dp"
							android:layout_marginTop="0dp"
							android:layout_width="343dp"
							android:layout_height="46dp" />

						<TextView android:id="@+id/name"
							android:textSize="17sp"
							android:textColor="@color/_bg__sign_up_ek2_color"
							android:layout_marginLeft="12dp"
							android:layout_marginTop="12dp"
							android:layout_width="61.7dp"
							android:layout_height="26.7dp"
							android:text="@string/name_string"
							 />

					</RelativeLayout>

				</RelativeLayout>


				<RelativeLayout android:id="@+id/header"
					android:layout_marginTop="205dp"
					android:layout_marginStart="0dp"
					android:layout_width="wrap_content"
					android:layout_height="wrap_content"
					>

					<View   android:id="@+id/_bg__header_ek1"
						android:background="@drawable/_bg__header_ek1_shape"
						 android:layout_marginStart="0dp"
						android:layout_marginTop="0dp"
						android:layout_width="375dp"
						android:layout_height="98dp" />

					<ImageView android:id="@+id/bounds_ek5"
						android:src="@drawable/bounds_ek5"
						android:contentDescription="bounds_ek5"
						 android:layout_marginStart="0dp"
						android:layout_marginTop="205dp"
						android:layout_width="375dp"
						android:layout_height="98dp" />

					<TextView android:id="@+id/cteate_a_new_account"
						android:textStyle="bold"
						android:layout_gravity="center_horizontal|center"
						android:gravity="center"
						android:textSize="34sp"
						android:textColor="@color/_bg__sign_up_ek2_color"
						android:layout_marginLeft="10dp"
						android:layout_marginTop="8dp"
						android:layout_width="351.4dp"
						android:layout_height="92.4dp"
						android:text="@string/cteate_a_new_account_string"
						 />

				</RelativeLayout>


				<RelativeLayout android:id="@+id/status_bar"
					android:layout_marginTop="0dp"
					android:layout_marginStart="0dp"
					android:layout_width="wrap_content"
					android:layout_height="wrap_content"
					>

					<View   android:id="@+id/_bg__status_bar_ek1"
						android:background="@drawable/_bg__status_bar_ek1_shape"
						 android:layout_marginStart="0dp"
						android:layout_marginTop="0dp"
						android:layout_width="375dp"
						android:layout_height="44dp" />


					<RelativeLayout android:id="@+id/battery"
						android:layout_marginTop="17.33dp"
						android:layout_marginStart="336dp"
						android:layout_width="wrap_content"
						android:layout_height="wrap_content"
						>

						<View   android:id="@+id/_bg__battery_ek1"
							android:background="@drawable/_bg__battery_ek1_shape"
							 android:layout_marginStart="-336dp"
							android:layout_marginTop="-17dp"
							android:layout_width="24.33dp"
							android:layout_height="11.33dp" />

						<ImageView android:id="@+id/rectangle_ek1"
							android:src="@drawable/rectangle_ek1"
							android:contentDescription="rectangle_ek1"
							 android:alpha="0.34999999403954"
							android:layout_marginStart="-1dp"
							android:layout_marginTop="-1dp"
							android:layout_width="22dp"
							android:layout_height="11.33dp" />

						<ImageView android:id="@+id/combined_shape"
							android:src="@drawable/combined_shape"
							android:contentDescription="combined_shape"
							 android:alpha="0.40000000596046"
							android:layout_marginStart="23dp"
							android:layout_marginTop="4dp"
							android:layout_width="1.33dp"
							android:layout_height="4dp" />

						<ImageView android:id="@+id/rectangle_ek2"
							android:src="@drawable/rectangle_ek2"
							android:contentDescription="rectangle_ek2"
							 android:layout_marginStart="2dp"
							android:layout_marginTop="2dp"
							android:layout_width="18dp"
							android:layout_height="7.33dp" />

					</RelativeLayout>

					<ImageView android:id="@+id/wifi"
						android:src="@drawable/wifi"
						android:contentDescription="wifi"
						 android:layout_marginStart="315.69dp"
						android:layout_marginTop="17.33dp"
						android:layout_width="15.27dp"
						android:layout_height="10.97dp" />

					<ImageView android:id="@+id/mobile_signal"
						android:src="@drawable/mobile_signal"
						android:contentDescription="mobile_signal"
						 android:layout_marginStart="293.67dp"
						android:layout_marginTop="17.67dp"
						android:layout_width="17dp"
						android:layout_height="10.67dp" />


					<RelativeLayout android:id="@+id/time_style"
						android:layout_marginTop="12dp"
						android:layout_marginStart="21dp"
						android:layout_width="wrap_content"
						android:layout_height="wrap_content"
						>

						<View   android:id="@+id/_bg__time_style_ek1"
							android:background="@drawable/_bg__time_style_ek1_shape"
							 android:layout_marginStart="0dp"
							android:layout_marginTop="0dp"
							android:layout_width="54dp"
							android:layout_height="21dp" />

						<TextView android:id="@+id/_9_41"
							android:textStyle="bold"
							android:layout_gravity="center_horizontal|center"
							android:gravity="center"
							android:textSize="15sp"
							android:textColor="@color/_bg__sign_up_ek2_color"
							android:layout_marginLeft="-3dp"
							android:layout_marginTop="2dp"
							android:layout_width="61dp"
							android:layout_height="22.5dp"
							android:text="@string/_9_41_string"
							 />

					</RelativeLayout>

				</RelativeLayout>

			</RelativeLayout>
		</RelativeLayout>

	</ScrollView>
</HorizontalScrollView>